{"accuracy": 0.7709282415480216, "mean_squared_error": 3.2379459072490397}